<?xml version="1.0" encoding="utf-8"?>
<feed xmlns="http://www.w3.org/2005/Atom">
  <title>efm.io</title>
  <id>http://efm.io</id>
  <link href="http://efm.io" />
  <link href="http://efm.io/atom.xml" rel="self" />
  <updated>2017-08-28T23:18:07-05:00</updated>
  <rights>Copyright 2014, Eric Meeks</rights>
  <author>
    <name>Eric Meeks</name>
  </author>
  
    <entry>
      <title>How to Set Up Gmail Aliases in iOS Mail</title>
      <link href="http://efm.io/2017/07/23/aliases-in-ios-mail/" />
      <summary type="html">&lt;h3 id=&quot;generate-an-app-password-for-ios-mail&quot;&gt;Generate an App Password for iOS Mail&lt;/h3&gt;

&lt;ul&gt;
  &lt;li&gt;Go to your &lt;a href=&quot;https://myaccount.google.com/security#signin&quot;&gt;Google Security settings&lt;/a&gt;&lt;/li&gt;
  &lt;li&gt;Under &lt;em&gt;Signing in to Google&lt;/em&gt;, click &lt;em&gt;App Passwords&lt;/em&gt;&lt;/li&gt;
  &lt;li&gt;If prompted for your password, enter it&lt;/li&gt;
  &lt;li&gt;Under &lt;em&gt;Select App&lt;/em&gt;, choose &lt;em&gt;Mail&lt;/em&gt;&lt;/li&gt;
  &lt;li&gt;Under &lt;em&gt;Select Device&lt;/em&gt;, choose &lt;em&gt;Other (Custom Name)&lt;/em&gt;&lt;/li&gt;
  &lt;li&gt;Enter a name for the app. I used &lt;em&gt;iOS Mail App&lt;/em&gt;&lt;/li&gt;
  &lt;li&gt;Click &lt;em&gt;Generate&lt;/em&gt;&lt;/li&gt;
  &lt;li&gt;Save this password as we will need it later. Let’s refer to this generated app password as &lt;code&gt;$PASSWORD&lt;/code&gt; from here forward ;)&lt;/li&gt;
&lt;/ul&gt;

&lt;h3 id=&quot;configure-ios-mail&quot;&gt;Configure iOS Mail&lt;/h3&gt;

&lt;ul&gt;
  &lt;li&gt;Open &lt;em&gt;Settings&lt;/em&gt; &amp;gt; &lt;em&gt;Mail&lt;/em&gt; &amp;gt; &lt;em&gt;Add Account&lt;/em&gt; &amp;gt; &lt;em&gt;Other&lt;/em&gt; &amp;gt; &lt;em&gt;Add Mail Account&lt;/em&gt;&lt;/li&gt;
  &lt;li&gt;Enter your information&lt;/li&gt;
&lt;/ul&gt;

&lt;div class=&quot;highlight&quot;&gt;&lt;pre&gt;&lt;code class=&quot;language-bash&quot; data-lang=&quot;bash&quot;&gt;Name          John Doe
Email         john.doe@gmail.com
Password      top&lt;span class=&quot;nv&quot;&gt;$ecret&lt;/span&gt;
Description   Gmail&lt;/code&gt;&lt;/pre&gt;&lt;/div&gt;

&lt;ul&gt;
  &lt;li&gt;For Incoming Mail, enter the following&lt;/li&gt;
&lt;/ul&gt;

&lt;div class=&quot;highlight&quot;&gt;&lt;pre&gt;&lt;code class=&quot;language-bash&quot; data-lang=&quot;bash&quot;&gt;Host Name   imap.gmail.com
User Name   john.doe@gmail.com
Password    &lt;span class=&quot;nv&quot;&gt;$PASSWORD&lt;/span&gt;&lt;/code&gt;&lt;/pre&gt;&lt;/div&gt;

&lt;ul&gt;
  &lt;li&gt;For Outgoing Mail, I use &lt;a href=&quot;http://www.smtp2go.com&quot;&gt;smtp2go&lt;/a&gt;, but you can also use Gmail’s SMTP server&lt;/li&gt;
&lt;/ul&gt;

&lt;div class=&quot;highlight&quot;&gt;&lt;pre&gt;&lt;code class=&quot;language-bash&quot; data-lang=&quot;bash&quot;&gt;Host Name   smtp.gmail.com
User Name   john.doe@gmail.com
Password    &lt;span class=&quot;nv&quot;&gt;$PASSWORD&lt;/span&gt;&lt;/code&gt;&lt;/pre&gt;&lt;/div&gt;

&lt;p&gt;You’re all set!&lt;/p&gt;

&lt;p&gt;If you would like to use Google Calendar via the iOS Calendar App, just add an account and choose Gmail. Sign in with your usual Gmail address and password. Once the account is set up, go back into the settings and tap the green toggle next to Mail to turn it off, but leave the Calendar toggle on.&lt;/p&gt;
</summary>
      <id>http://efm.io/2017/07/23/aliases-in-ios-mail/</id>
      <updated>2017-07-23T12:00:00+00:00</updated>
      <author>
        <name>Eric Meeks</name>
      </author>
    </entry>
  
    <entry>
      <title>Zzz: Ambien for macOS. Sort of.</title>
      <link href="http://efm.io/2017/05/15/zzz/" />
      <summary type="html">&lt;p&gt;Here’s command line tool I made to blank your Mac display without putting the machine to sleep.&lt;/p&gt;

&lt;p&gt;It is the command line equivalent of &lt;a href=&quot;https://support.apple.com/en-us/HT201236&quot; target=&quot;new&quot;&gt;Control–Shift–Eject&lt;/a&gt;.&lt;/p&gt;

&lt;p&gt;&lt;em&gt;Note: This only works on OS X&lt;/em&gt;&lt;/p&gt;

&lt;blockquote&gt;
  &lt;h4 id=&quot;why-not-just-press--&quot;&gt;Why not just press ⌃⇧⏏ ?&lt;/h4&gt;

  &lt;p&gt;If you can physically press the keys, then by all means do that. However, Zzz is intended for applications where the user is not within reach of the physical machine e.g. remote ssh.&lt;/p&gt;
&lt;/blockquote&gt;

&lt;h2 id=&quot;usage&quot;&gt;Usage&lt;/h2&gt;

&lt;div class=&quot;highlight&quot;&gt;&lt;pre&gt;&lt;code class=&quot;language-bash&quot; data-lang=&quot;bash&quot;&gt;&lt;span class=&quot;c&quot;&gt;# Download Zzz.zip&lt;/span&gt;
wget https://github.com/efmeeks/Zzz/archive/master.zip

&lt;span class=&quot;c&quot;&gt;# Unzip the archive&lt;/span&gt;
unzip Zzz-master.zip

&lt;span class=&quot;c&quot;&gt;# Open the folder&lt;/span&gt;
&lt;span class=&quot;nb&quot;&gt;cd &lt;/span&gt;Zzz-master

&lt;span class=&quot;c&quot;&gt;# Ensure executability&lt;/span&gt;
chmod +x zzz.sh

&lt;span class=&quot;c&quot;&gt;# Run the script&lt;/span&gt;
./zzz.sh&lt;/code&gt;&lt;/pre&gt;&lt;/div&gt;

&lt;p&gt;You should see something like this…
&lt;img src=&quot;/assets/img/zzz-ss.png&quot; alt=&quot;Screenshot&quot; /&gt;&lt;/p&gt;
</summary>
      <id>http://efm.io/2017/05/15/zzz/</id>
      <updated>2017-05-15T12:00:00+00:00</updated>
      <author>
        <name>Eric Meeks</name>
      </author>
    </entry>
  
</feed>
